quest,adv,rpg,
campaign,adv,rpg,
fantasy,adv,rpg,
world,adv,rpg,sim
hero,adv,rpg,
wanderer,adv,rpg,
lark,adv,,
exploration,adv,,
escapade,adv,,
expedition,adv,,
open world,adv,,
character,stry,rpg,
growth,stry,,
narrative,stry,,
lore,stry,,
death,hrd,rl,
danger,hrd,,
precision,hrd,,
level,jump,rpg,
enemy,jump,rpg,
boss,jump,rpg,
obstacle,jump,,
completionist,jump,,
collectathon,jump,,
fear,hrr,,
terror,hrr,,
atrocity,hrr,,
fright,hrr,,
heart,chrm,,
love,chrm,,
heck,chrm,,
flesh,gore,,
blood,gore,,
bone,gore,,
innard,gore,,
disgust,gore,,
bloodlust,gore,,
randomization,rl,cg,
run,rl,,
generation,rl,,
piece,pzl,,
key,pzl,,
solution,pzl,,
conundrum,pzl,,
confoundment,pzl,,
mystery,pzl,,
secret,pzl,,
enigma,pzl,,
society,sim,,
community,sim,,
conspiracy,sim,,
sandbox,srv,,
existence,srv,,
hunger,srv,,
strategy,cg,rpg,
mana,cg,rpg,
card,cg,,
deck,cg,,
number,rpg,,
experience,rpg,,
foot,none,,
victim,none,,
Ability,none,,
Adult,none,,
Afternoon,none,,
Apple,none,,
Baby,none,,
Back,none,,
Beer,none,,
Bedroom,none,,
Birthday,none,,
Box,none,,
Cabinet,none,,
Candy,none,,
Candle,none,,
Chest,none,,
Childhood,none,,
Cigarette,none,,
Clock,none,,
Comfort,none,,
Computer,none,,
Crew,none,,
Dad,none,,
Database,none,,
Day,none,,
Debt,none,,
Description,none,,
Devil,none,,
Demon,none,,
Dish,none,,
Doctor,none,,
Desk,none,,
Dog,none,,
Duty,none,,
Ear,none,,
Earth,none,,
Egg,none,,
Effort,none,,
Eye,none,,
Face,none,,
Fact,none,,
Father,none,,
Fault,none,,
Feature,none,,
Figure,none,,
Film,none,,
Food,none,,
Fruit,none,,
Funeral,none,,
Game,none,,
Gear,none,,
Grocery,none,,
Guitar,none,,
Habit,none,,
Hand,none,,
Hat,none,,
Ham,none,,
Hearing,none,,
Homework,none,,
Honey,none,,
Hour,none,,
Hotel,none,,
Human,none,,
Husband,none,,
Ice,none,,
Industry,none,,
Inspector,none,,
Iron,none,,
Island,none,,
Item,none,,
Job,none,,
Judgement,none,,
Joke,none,,
Key,none,,
King,none,,
Kiss,none,,
Kitchen,none,,
Knife,none,,
Knowledge,none,,
Ladder,none,,
Lawyer,none,,
Lecture,none,,
Leg,none,,
Letter,none,,
Library,none,,
Limit,none,,
Level,none,,
Love,none,,
Loss,none,,
Map,none,,
Machine,none,,
Magazine,none,,
Master,none,,
Mess,none,,
Message,none,,
Massage,none,,
Milk,none,,
Mom,none,,
Monitor,none,,
Muscle,none,,
Music,none,,
Nail,none,,
Name,none,,
Network,none,,
Neck,none,,
Negative,none,,
Negotiation,none,,
Night,none,,
Nobody,none,,
Novel,none,,
Number,none,,
Nurse,none,,
Object,none,,
Objective,none,,
Oil,none,,
Outside,none,,
Oven,none,,
Pace,none,,
Pass,none,,
Pear,none,,
Passion,none,,
Peace,none,,
Pattern,none,,
Phase,none,,
Philosphy,none,,
Pie,none,,
Piece,none,,
Player,none,,
Pleasure,none,,
Policy,none,,
Potato,none,,
Proof,none,,
Push,none,,
Quality,none,,
Quantity,none,,
Queen,none,,
Question,none,,
Quote,none,,
Radio,none,,
Relative,none,,
Relationship,none,,
Rent,none,,
Resort,none,,
Respect,none,,
Result,none,,
Ring,none,,
Room,none,,
Routine,none,,
Sample,none,,
Sand,none,,
Sandwich,none,,
Gnocchi,none,,
Hot-Sauce,none,,
Salt,none,,
Scene,none,,
Scale,none,,
Science,none,,
Sea,none,,
Signal,none,,
Skirt,none,,
Smell,none,,
Solution,none,,
Song,none,,
Strife,none,,
Table,none,,
Tennis,none,,
Throat,none,,
Toe,none,,
Tone,none,,
Tradition,none,,
Traffic,none,,
Tree,none,,
Uncle,none,,
Understanding,none,,
Vacation,none,,
Video,none,,
Volume,none,,
Window,none,,
Wine,none,,
Writer,none,,
Yarn,none,,
Yoyo,none,,
Youth,none,,
Yoga,none,,
Zebra,none,,
Zucchini,none,,